Country,Value
TeachThought,1
private,1
entity,1
described,1
technology,10
education,7
status,1
childhood,1
bold,1
experimentation,1
survey,1
teachers,2
United States,2
independent,1
market,1
research,1
company,1
86%,1
agree,2
used,1
classroom,4
96%,1
promotes,1
engagement,1
students,5
89%,1
improve,2
outcomes,1
present,2
system,2
American,1
public,2
school,3
provide,1
desktop,1
computer,2
spend,1
$3 billion,1
annually,1
digital,3
content,1
year,1
2015â€“2016,1
government,1
conducted,1
state-standardized,1
testing,1
elementary,1
middle,1
levels,1
platforms,1
traditional,2
pen,1
paper,1
method,2
revolution,1
fresh,1
learn,5
prospects,1
online,1
inside,1
Advancement,2
approaches,1
combining,1
future,1
incorporating,1
innovations,1
incorporated,1
everyday,1
creates,1
new,2
environment,1
personalized,1
blended,1
complete,1
work,1
needs,1
versatility,1
individualized,1
study,1
evolves,1
experience,1
space,1
huge,1
changes,1
rapidly,1
United Kingdom,2
helped,1
elevate,1
standards,1
confront,1
challenges,1
concept,1
popular,1
idea,1
reverse,1
conventional,
teaching,1
delivery,1
instructions,1
outside,1